ticker,day,close
NVDA,0,120.0000
NVDA,1,121.1269
NVDA,2,121.6529
NVDA,3,121.9673
NVDA,4,125.1314
NVDA,5,123.7090
NVDA,6,131.5453
NVDA,7,131.2141
NVDA,8,128.8533
NVDA,9,131.4503
NVDA,10,129.8013
NVDA,11,123.8423
NVDA,12,122.7111
NVDA,13,119.6389
NVDA,14,121.8659
NVDA,15,117.8876
NVDA,16,120.2175
NVDA,17,115.8756
NVDA,18,114.7926
NVDA,19,117.6433
NVDA,20,117.9677
NVDA,21,114.6756
NVDA,22,119.6173
NVDA,23,121.8769
NVDA,24,129.0658
NVDA,25,126.2151
NVDA,26,125.7379
NVDA,27,126.2927
NVDA,28,134.2425
NVDA,29,133.7426
NVDA,30,129.0758
NVDA,31,134.0390
NVDA,32,134.8327
NVDA,33,133.4706
NVDA,34,133.5460
NVDA,35,126.0953
NVDA,36,129.5039
NVDA,37,131.5878
NVDA,38,132.3419
NVDA,39,129.2710
NVDA,40,126.7166
NVDA,41,123.6934
NVDA,42,119.9919
NVDA,43,126.1078
NVDA,44,125.7195
NVDA,45,127.5016
NVDA,46,125.0088
NVDA,47,122.4206
NVDA,48,125.7710
NVDA,49,124.8221
NVDA,50,124.0749
NVDA,51,130.3939
NVDA,52,129.2552
NVDA,53,135.9020
NVDA,54,139.8674
NVDA,55,147.3801
NVDA,56,153.9401
NVDA,57,151.1462
NVDA,58,151.5627
NVDA,59,145.0204
NVDA,60,149.5861
NVDA,61,149.0464
NVDA,62,146.0411
NVDA,63,149.7378
NVDA,64,156.8157
NVDA,65,149.9630
NVDA,66,140.5569
NVDA,67,143.7204
NVDA,68,147.2069
NVDA,69,139.2193
NVDA,70,138.1975
NVDA,71,138.6572
NVDA,72,141.9526
NVDA,73,141.5265
NVDA,74,139.0243
NVDA,75,137.7777
NVDA,76,137.3638
NVDA,77,141.7197
NVDA,78,135.5717
NVDA,79,139.9887
NVDA,80,142.5685
NVDA,81,143.5748
NVDA,82,140.5367
NVDA,83,139.4999
NVDA,84,131.9389
NVDA,85,121.3904
NVDA,86,116.2185
NVDA,87,118.5253
NVDA,88,123.1868
NVDA,89,124.1799
NVDA,90,118.8730
NVDA,91,113.4042
NVDA,92,114.1408
NVDA,93,115.1856
NVDA,94,111.2719
NVDA,95,114.2289
NVDA,96,109.7124
NVDA,97,114.0286
NVDA,98,113.1632
NVDA,99,114.0018
NVDA,100,110.0141
NVDA,101,111.7125
NVDA,102,114.2358
NVDA,103,109.7950
NVDA,104,107.9772
NVDA,105,109.5066
NVDA,106,114.7046
NVDA,107,114.1696
NVDA,108,121.0959
NVDA,109,121.7479
NVDA,110,123.8794
NVDA,111,118.1619
NVDA,112,112.9523
NVDA,113,110.7680
NVDA,114,112.0716
NVDA,115,110.7754
NVDA,116,111.8453
NVDA,117,104.7996
NVDA,118,101.8538
NVDA,119,101.2880
NVDA,120,100.7563
NVDA,121,100.5533
NVDA,122,101.4340
NVDA,123,103.0972
NVDA,124,98.5400
NVDA,125,98.8872
NVDA,126,98.9895
NVDA,127,96.5073
NVDA,128,98.6231
NVDA,129,95.1767
NVDA,130,95.2768
NVDA,131,95.2061
NVDA,132,95.3931
NVDA,133,96.8543
NVDA,134,99.7829
NVDA,135,103.5649
NVDA,136,103.0464
NVDA,137,101.9511
NVDA,138,98.7174
NVDA,139,102.2468
NVDA,140,100.1587
NVDA,141,105.7914
NVDA,142,115.8493
NVDA,143,118.9563
NVDA,144,112.6806
NVDA,145,110.5654
NVDA,146,111.5220
NVDA,147,111.5622
NVDA,148,108.1798
NVDA,149,100.8453
NVDA,150,100.0289
NVDA,151,101.2118
NVDA,152,100.6385
NVDA,153,102.3085
NVDA,154,106.4156
NVDA,155,105.9907
NVDA,156,106.0840
NVDA,157,102.7518
NVDA,158,104.2652
NVDA,159,105.4778
NVDA,160,103.4433
NVDA,161,108.3717
NVDA,162,107.6650
NVDA,163,108.4250
NVDA,164,104.2305
NVDA,165,105.4173
NVDA,166,108.1278
NVDA,167,110.5824
NVDA,168,109.3683
NVDA,169,111.8175
NVDA,170,108.6306
NVDA,171,109.7601
NVDA,172,103.2551
NVDA,173,101.8731
NVDA,174,104.3005
NVDA,175,102.1432
NVDA,176,98.6802
NVDA,177,99.1706
NVDA,178,97.9651
NVDA,179,102.1340
NVDA,180,99.5956
NVDA,181,100.3573
NVDA,182,96.5261
NVDA,183,98.7960
NVDA,184,101.6329
NVDA,185,98.5900
NVDA,186,102.9088
NVDA,187,106.3451
NVDA,188,104.1824
NVDA,189,103.5380
NVDA,190,103.1282
NVDA,191,108.3542
NVDA,192,109.8950
NVDA,193,110.8262
NVDA,194,103.4612
NVDA,195,100.6833
NVDA,196,97.5253
NVDA,197,95.5091
NVDA,198,93.4332
NVDA,199,95.1384
NVDA,200,100.5705
NVDA,201,96.9386
NVDA,202,95.0682
NVDA,203,94.6355
NVDA,204,91.5474
NVDA,205,89.3024
NVDA,206,87.9843
NVDA,207,88.1132
NVDA,208,92.4859
NVDA,209,92.1025
NVDA,210,90.2920
NVDA,211,92.9523
NVDA,212,90.8397
NVDA,213,89.9430
NVDA,214,90.9396
NVDA,215,91.1603
NVDA,216,91.6649
NVDA,217,87.7230
NVDA,218,89.3272
NVDA,219,82.6212
NVDA,220,84.0158
NVDA,221,82.2823
NVDA,222,83.0273
NVDA,223,85.1766
NVDA,224,92.0451
NVDA,225,89.4538
NVDA,226,88.8778
NVDA,227,87.9974
NVDA,228,83.8379
NVDA,229,86.9127
NVDA,230,86.9145
NVDA,231,90.0522
NVDA,232,93.3632
NVDA,233,92.0035
NVDA,234,93.5833
NVDA,235,92.1208
NVDA,236,91.0981
NVDA,237,97.1096
NVDA,238,98.2603
NVDA,239,100.1719
NVDA,240,100.9185
NVDA,241,99.1052
NVDA,242,105.9345
NVDA,243,105.6940
NVDA,244,111.2596
NVDA,245,114.5027
NVDA,246,114.9401
NVDA,247,122.0629
NVDA,248,122.5469
NVDA,249,123.7807
NVDA,250,122.6331
NVDA,251,120.7658
NVDA,252,113.8440
NVDA,253,116.8542
NVDA,254,115.8970
NVDA,255,114.5921
NVDA,256,116.4930
NVDA,257,119.0780
NVDA,258,119.9656
NVDA,259,121.9413
NVDA,260,117.3599
NVDA,261,116.1452
NVDA,262,112.4568
NVDA,263,113.6313
NVDA,264,106.7941
NVDA,265,106.5088
NVDA,266,102.4767
NVDA,267,103.4864
NVDA,268,107.3394
NVDA,269,106.7548
NVDA,270,104.7967
NVDA,271,106.6017
NVDA,272,99.8185
NVDA,273,100.3035
NVDA,274,100.3982
NVDA,275,96.3085
NVDA,276,95.0027
NVDA,277,96.1228
NVDA,278,95.9115
NVDA,279,96.7497
NVDA,280,96.1962
NVDA,281,92.2553
NVDA,282,90.9226
NVDA,283,87.4917
NVDA,284,83.3454
NVDA,285,83.9664
NVDA,286,82.6535
NVDA,287,81.3548
NVDA,288,79.8974
NVDA,289,80.1204
NVDA,290,79.0119
NVDA,291,78.2016
NVDA,292,76.9875
NVDA,293,75.6219
NVDA,294,73.4965
NVDA,295,71.3879
NVDA,296,70.5303
NVDA,297,67.9365
NVDA,298,63.4479
NVDA,299,64.0379
NVDA,300,60.8056
NVDA,301,60.7803
NVDA,302,61.6515
NVDA,303,62.1759
NVDA,304,63.0796
NVDA,305,61.5698
NVDA,306,62.9325
NVDA,307,63.3704
NVDA,308,65.0153
NVDA,309,64.3560
NVDA,310,65.2750
NVDA,311,66.5466
NVDA,312,66.2004
NVDA,313,65.1003
NVDA,314,67.8326
NVDA,315,64.1249
NVDA,316,66.0614
NVDA,317,63.2647
NVDA,318,64.4009
NVDA,319,63.5940
NVDA,320,65.8230
NVDA,321,63.8588
NVDA,322,62.8565
NVDA,323,61.3807
NVDA,324,60.2562
NVDA,325,59.6534
NVDA,326,59.7913
NVDA,327,61.3939
NVDA,328,60.9675
NVDA,329,60.2708
NVDA,330,58.0649
NVDA,331,58.3878
NVDA,332,58.7588
NVDA,333,59.1879
NVDA,334,58.3453
NVDA,335,56.1073
NVDA,336,54.1701
NVDA,337,54.1654
NVDA,338,54.4038
NVDA,339,54.7604
NVDA,340,54.9762
NVDA,341,56.4731
NVDA,342,57.5812
NVDA,343,59.5465
NVDA,344,58.5793
NVDA,345,58.1096
NVDA,346,57.5896
NVDA,347,57.5741
NVDA,348,55.7612
NVDA,349,54.8141
NVDA,350,55.0003
NVDA,351,55.4412
NVDA,352,57.7281
NVDA,353,59.2808
NVDA,354,59.6857
NVDA,355,59.6806
NVDA,356,59.8891
NVDA,357,60.3560
NVDA,358,65.2105
NVDA,359,64.5862
NVDA,360,65.0443
NVDA,361,64.1352
NVDA,362,69.5074
NVDA,363,68.9684
NVDA,364,70.2072
NVDA,365,66.8748
NVDA,366,68.3140
NVDA,367,68.0139
NVDA,368,68.2376
NVDA,369,69.4788
NVDA,370,67.8412
NVDA,371,68.0679
NVDA,372,68.4083
NVDA,373,66.0045
NVDA,374,64.3829
NVDA,375,65.3340
NVDA,376,63.4872
NVDA,377,64.1330
NVDA,378,64.4304
NVDA,379,61.1883
NVDA,380,61.4523
NVDA,381,63.6874
NVDA,382,65.0053
NVDA,383,67.3075
NVDA,384,66.3934
NVDA,385,67.1398
NVDA,386,68.7800
NVDA,387,68.2686
NVDA,388,70.5613
NVDA,389,70.9514
NVDA,390,70.0193
NVDA,391,73.0701
NVDA,392,72.7573
NVDA,393,72.7321
NVDA,394,75.3219
NVDA,395,80.9841
NVDA,396,78.5521
NVDA,397,79.7399
NVDA,398,76.4034
NVDA,399,78.9309
NVDA,400,77.0246
NVDA,401,76.1108
NVDA,402,76.7951
NVDA,403,73.2282
NVDA,404,74.5715
NVDA,405,74.8383
NVDA,406,71.7285
NVDA,407,69.8067
NVDA,408,67.9584
NVDA,409,69.5053
NVDA,410,68.7499
NVDA,411,66.3858
NVDA,412,65.6085
NVDA,413,66.2679
NVDA,414,67.7632
NVDA,415,67.6188
NVDA,416,69.2489
NVDA,417,69.0586
NVDA,418,71.1122
NVDA,419,73.0124
NVDA,420,73.3210
NVDA,421,72.9267
NVDA,422,72.8337
NVDA,423,73.3927
NVDA,424,74.7352
NVDA,425,74.6917
NVDA,426,71.2703
NVDA,427,67.2006
NVDA,428,69.8285
NVDA,429,66.3838
NVDA,430,66.2932
NVDA,431,64.5023
NVDA,432,64.6996
NVDA,433,65.6136
NVDA,434,62.1929
NVDA,435,64.3522
NVDA,436,61.4237
NVDA,437,61.4541
NVDA,438,64.2371
NVDA,439,62.8113
NVDA,440,64.9207
NVDA,441,66.0599
NVDA,442,69.2534
NVDA,443,71.8767
NVDA,444,71.5618
NVDA,445,70.7598
NVDA,446,72.2109
NVDA,447,75.5418
NVDA,448,77.7593
NVDA,449,80.7055
NVDA,450,84.0303
NVDA,451,86.1583
NVDA,452,87.2034
NVDA,453,87.0805
NVDA,454,89.7480
NVDA,455,88.3337
NVDA,456,85.5136
NVDA,457,83.3137
NVDA,458,81.4306
NVDA,459,81.1040
NVDA,460,83.6824
NVDA,461,82.1094
NVDA,462,78.0329
NVDA,463,77.5493
NVDA,464,78.6352
NVDA,465,79.5540
NVDA,466,83.0205
NVDA,467,84.4095
NVDA,468,86.5890
NVDA,469,87.3369
NVDA,470,87.4167
NVDA,471,83.7403
NVDA,472,88.2920
NVDA,473,90.8191
NVDA,474,94.0185
NVDA,475,92.3293
NVDA,476,91.9894
NVDA,477,91.8956
NVDA,478,89.9411
NVDA,479,90.1699
NVDA,480,90.5336
NVDA,481,91.3861
NVDA,482,92.7866
NVDA,483,92.6053
NVDA,484,90.4320
NVDA,485,89.4532
NVDA,486,88.2944
NVDA,487,92.3938
NVDA,488,89.1824
NVDA,489,85.8939
NVDA,490,84.1342
NVDA,491,88.2071
NVDA,492,92.3656
NVDA,493,91.6625
NVDA,494,92.2082
NVDA,495,92.3477
NVDA,496,95.1460
NVDA,497,93.1202
NVDA,498,92.6709
NVDA,499,93.3221
NVDA,500,92.1121
NVDA,501,95.4996
NVDA,502,90.3673
NVDA,503,89.3582
NVDA,504,90.3866
AMD,0,50.0000
AMD,1,49.2926
AMD,2,49.1277
AMD,3,50.3846
AMD,4,51.3988
AMD,5,50.5205
AMD,6,52.7056
AMD,7,51.6632
AMD,8,51.1150
AMD,9,52.0259
AMD,10,50.7819
AMD,11,48.4740
AMD,12,47.6258
AMD,13,47.0980
AMD,14,47.5025
AMD,15,46.6604
AMD,16,47.3128
AMD,17,44.9243
AMD,18,45.2474
AMD,19,44.5329
AMD,20,44.1291
AMD,21,43.2456
AMD,22,43.6810
AMD,23,44.1462
AMD,24,49.1855
AMD,25,47.8447
AMD,26,46.6585
AMD,27,47.7808
AMD,28,49.4030
AMD,29,49.1894
AMD,30,47.9091
AMD,31,49.6473
AMD,32,48.6174
AMD,33,49.6796
AMD,34,49.5156
AMD,35,47.1371
AMD,36,46.8654
AMD,37,48.8167
AMD,38,47.9362
AMD,39,46.7094
AMD,40,45.3003
AMD,41,44.2942
AMD,42,44.8549
AMD,43,45.7837
AMD,44,44.3601
AMD,45,45.8235
AMD,46,45.3569
AMD,47,43.5357
AMD,48,44.9331
AMD,49,44.5377
AMD,50,44.4620
AMD,51,44.8670
AMD,52,45.7460
AMD,53,48.1184
AMD,54,48.0726
AMD,55,50.9663
AMD,56,53.5365
AMD,57,53.0496
AMD,58,53.6119
AMD,59,53.2701
AMD,60,54.9095
AMD,61,55.1628
AMD,62,53.2933
AMD,63,55.3572
AMD,64,56.9621
AMD,65,53.9595
AMD,66,51.1628
AMD,67,52.3506
AMD,68,52.9507
AMD,69,49.1801
AMD,70,49.0626
AMD,71,48.3297
AMD,72,51.0649
AMD,73,49.0125
AMD,74,48.7035
AMD,75,46.8572
AMD,76,47.0632
AMD,77,47.4423
AMD,78,43.7721
AMD,79,44.0488
AMD,80,44.3927
AMD,81,45.9899
AMD,82,45.5673
AMD,83,45.7003
AMD,84,42.2729
AMD,85,38.9786
AMD,86,37.3436
AMD,87,37.4058
AMD,88,38.4598
AMD,89,39.9860
AMD,90,39.0578
AMD,91,36.8999
AMD,92,36.3146
AMD,93,38.1619
AMD,94,36.3844
AMD,95,37.7516
AMD,96,36.4383
AMD,97,38.6058
AMD,98,37.5002
AMD,99,39.0050
AMD,100,37.5180
AMD,101,37.5316
AMD,102,38.5810
AMD,103,37.6617
AMD,104,38.2671
AMD,105,38.2761
AMD,106,41.9387
AMD,107,40.8026
AMD,108,42.9929
AMD,109,42.8199
AMD,110,43.7175
AMD,111,41.9984
AMD,112,40.8426
AMD,113,39.0814
AMD,114,39.3126
AMD,115,38.5323
AMD,116,38.6295
AMD,117,35.8500
AMD,118,34.9537
AMD,119,35.2512
AMD,120,34.2063
AMD,121,34.9478
AMD,122,35.7566
AMD,123,36.0897
AMD,124,33.1533
AMD,125,33.8890
AMD,126,33.6949
AMD,127,33.5697
AMD,128,34.6256
AMD,129,34.7999
AMD,130,34.9648
AMD,131,34.8722
AMD,132,34.7690
AMD,133,35.4872
AMD,134,36.3951
AMD,135,38.3970
AMD,136,37.7650
AMD,137,37.6070
AMD,138,35.0180
AMD,139,34.0925
AMD,140,32.8805
AMD,141,34.4270
AMD,142,37.7841
AMD,143,38.6373
AMD,144,37.4335
AMD,145,37.4765
AMD,146,36.9484
AMD,147,36.7760
AMD,148,34.9669
AMD,149,31.8177
AMD,150,32.2894
AMD,151,32.6648
AMD,152,31.6452
AMD,153,31.6572
AMD,154,31.4441
AMD,155,32.5805
AMD,156,32.8981
AMD,157,31.9642
AMD,158,33.1630
AMD,159,31.0218
AMD,160,31.3947
AMD,161,32.7133
AMD,162,32.0243
AMD,163,32.6170
AMD,164,31.8433
AMD,165,32.5591
AMD,166,34.2833
AMD,167,35.0058
AMD,168,35.1333
AMD,169,36.0578
AMD,170,34.4457
AMD,171,34.9604
AMD,172,33.2376
AMD,173,33.1880
AMD,174,34.3139
AMD,175,33.1108
AMD,176,32.0243
AMD,177,32.4214
AMD,178,32.8464
AMD,179,33.9397
AMD,180,33.3802
AMD,181,33.4747
AMD,182,31.3691
AMD,183,32.0910
AMD,184,33.7058
AMD,185,33.3335
AMD,186,34.3382
AMD,187,35.0134
AMD,188,34.2376
AMD,189,32.5925
AMD,190,33.3563
AMD,191,33.1070
AMD,192,33.2193
AMD,193,33.0524
AMD,194,30.2919
AMD,195,29.0754
AMD,196,27.1998
AMD,197,26.8033
AMD,198,26.6563
AMD,199,26.9716
AMD,200,29.4157
AMD,201,28.2297
AMD,202,27.2606
AMD,203,26.7465
AMD,204,26.7354
AMD,205,26.4654
AMD,206,25.5257
AMD,207,25.8528
AMD,208,26.6115
AMD,209,25.6623
AMD,210,24.9036
AMD,211,25.5559
AMD,212,25.4096
AMD,213,25.3876
AMD,214,25.4962
AMD,215,25.6718
AMD,216,25.5458
AMD,217,24.2809
AMD,218,25.0313
AMD,219,23.2773
AMD,220,24.5156
AMD,221,23.8047
AMD,222,23.1946
AMD,223,23.8187
AMD,224,25.2864
AMD,225,25.8994
AMD,226,26.0542
AMD,227,25.5579
AMD,228,24.9826
AMD,229,26.2539
AMD,230,26.4446
AMD,231,25.6490
AMD,232,25.8312
AMD,233,25.7546
AMD,234,25.3571
AMD,235,25.3818
AMD,236,26.3326
AMD,237,28.3443
AMD,238,29.4609
AMD,239,30.3950
AMD,240,30.5191
AMD,241,30.2769
AMD,242,33.0208
AMD,243,32.6758
AMD,244,34.3455
AMD,245,35.1942
AMD,246,36.1300
AMD,247,36.8368
AMD,248,37.1996
AMD,249,37.6373
AMD,250,36.4835
AMD,251,35.5411
AMD,252,33.7922
AMD,253,33.1152
AMD,254,31.5781
AMD,255,31.9806
AMD,256,32.6196
AMD,257,32.0622
AMD,258,32.1788
AMD,259,32.8774
AMD,260,31.4189
AMD,261,31.2270
AMD,262,30.4898
AMD,263,30.7352
AMD,264,29.3861
AMD,265,28.3366
AMD,266,26.6355
AMD,267,26.9778
AMD,268,26.9905
AMD,269,26.6440
AMD,270,26.5187
AMD,271,26.9149
AMD,272,26.3285
AMD,273,26.4158
AMD,274,26.3148
AMD,275,25.4373
AMD,276,25.8158
AMD,277,25.1213
AMD,278,26.0228
AMD,279,25.8238
AMD,280,24.8410
AMD,281,23.4742
AMD,282,23.3027
AMD,283,22.3106
AMD,284,21.5090
AMD,285,22.5093
AMD,286,21.1790
AMD,287,20.6648
AMD,288,21.1800
AMD,289,21.2379
AMD,290,21.3887
AMD,291,21.8604
AMD,292,21.7107
AMD,293,21.1308
AMD,294,20.6573
AMD,295,20.0942
AMD,296,19.9153
AMD,297,19.3808
AMD,298,17.9297
AMD,299,18.4480
AMD,300,17.5426
AMD,301,17.6924
AMD,302,17.8966
AMD,303,18.0139
AMD,304,18.1263
AMD,305,18.0084
AMD,306,18.3551
AMD,307,18.3554
AMD,308,18.1689
AMD,309,18.2583
AMD,310,18.2041
AMD,311,18.0791
AMD,312,18.2502
AMD,313,17.5482
AMD,314,17.5484
AMD,315,16.8325
AMD,316,16.9694
AMD,317,16.5176
AMD,318,16.7129
AMD,319,16.6827
AMD,320,16.1064
AMD,321,16.0385
AMD,322,15.4908
AMD,323,15.5961
AMD,324,15.0976
AMD,325,14.4144
AMD,326,14.5108
AMD,327,14.4617
AMD,328,14.3021
AMD,329,14.3974
AMD,330,14.1773
AMD,331,14.0724
AMD,332,13.9173
AMD,333,14.2811
AMD,334,14.7721
AMD,335,14.6313
AMD,336,14.7395
AMD,337,14.5317
AMD,338,14.5584
AMD,339,14.4874
AMD,340,14.7543
AMD,341,15.2915
AMD,342,15.6973
AMD,343,17.1263
AMD,344,16.5077
AMD,345,16.3323
AMD,346,15.7363
AMD,347,15.7445
AMD,348,15.3753
AMD,349,15.3001
AMD,350,15.5904
AMD,351,15.1382
AMD,352,15.3132
AMD,353,15.7147
AMD,354,16.0545
AMD,355,16.1121
AMD,356,16.9591
AMD,357,17.3664
AMD,358,18.6686
AMD,359,18.5619
AMD,360,18.8997
AMD,361,18.3087
AMD,362,18.8862
AMD,363,18.2876
AMD,364,18.4102
AMD,365,17.6789
AMD,366,17.6431
AMD,367,17.5771
AMD,368,17.8421
AMD,369,17.9423
AMD,370,17.5877
AMD,371,17.3502
AMD,372,17.6274
AMD,373,17.6767
AMD,374,17.1980
AMD,375,17.1794
AMD,376,16.7380
AMD,377,16.9604
AMD,378,16.9506
AMD,379,16.0775
AMD,380,15.1319
AMD,381,15.5877
AMD,382,16.6203
AMD,383,16.9516
AMD,384,16.6468
AMD,385,16.6247
AMD,386,17.0550
AMD,387,17.0865
AMD,388,17.5611
AMD,389,18.0066
AMD,390,17.8340
AMD,391,18.3993
AMD,392,18.0646
AMD,393,18.1271
AMD,394,19.2773
AMD,395,21.1110
AMD,396,20.4717
AMD,397,20.4220
AMD,398,19.4890
AMD,399,19.9986
AMD,400,19.1204
AMD,401,19.3145
AMD,402,19.3087
AMD,403,18.0027
AMD,404,17.4060
AMD,405,17.8685
AMD,406,17.6142
AMD,407,17.3130
AMD,408,17.1867
AMD,409,17.8068
AMD,410,17.6718
AMD,411,16.6945
AMD,412,16.9869
AMD,413,17.3323
AMD,414,17.5484
AMD,415,17.4690
AMD,416,17.5541
AMD,417,16.7257
AMD,418,17.3065
AMD,419,17.5716
AMD,420,17.4129
AMD,421,17.9838
AMD,422,17.8196
AMD,423,17.9813
AMD,424,18.4897
AMD,425,18.2873
AMD,426,17.5404
AMD,427,16.9900
AMD,428,18.1609
AMD,429,17.5757
AMD,430,17.6891
AMD,431,17.6356
AMD,432,18.2009
AMD,433,18.6835
AMD,434,18.2522
AMD,435,18.4240
AMD,436,18.0227
AMD,437,18.3761
AMD,438,19.1441
AMD,439,18.7657
AMD,440,19.7734
AMD,441,20.0180
AMD,442,20.5919
AMD,443,20.8694
AMD,444,20.9811
AMD,445,20.8288
AMD,446,21.8193
AMD,447,22.8876
AMD,448,23.1029
AMD,449,22.8920
AMD,450,24.1417
AMD,451,24.0766
AMD,452,22.9037
AMD,453,22.3315
AMD,454,22.3794
AMD,455,21.9071
AMD,456,20.7444
AMD,457,20.1920
AMD,458,19.0840
AMD,459,19.3125
AMD,460,19.3271
AMD,461,18.3868
AMD,462,18.2715
AMD,463,18.1084
AMD,464,17.9310
AMD,465,18.1343
AMD,466,18.7410
AMD,467,18.8933
AMD,468,18.9011
AMD,469,18.4921
AMD,470,18.2942
AMD,471,17.7544
AMD,472,19.3069
AMD,473,19.3533
AMD,474,19.9437
AMD,475,19.2143
AMD,476,19.7276
AMD,477,19.7553
AMD,478,20.6740
AMD,479,20.9585
AMD,480,20.0614
AMD,481,20.5910
AMD,482,20.9075
AMD,483,20.5794
AMD,484,20.5112
AMD,485,20.3359
AMD,486,20.9153
AMD,487,22.5576
AMD,488,21.6022
AMD,489,20.7930
AMD,490,19.2965
AMD,491,20.6002
AMD,492,21.5876
AMD,493,20.3476
AMD,494,21.2888
AMD,495,20.6091
AMD,496,21.0969
AMD,497,20.6603
AMD,498,20.6810
AMD,499,21.4024
AMD,500,20.8278
AMD,501,21.7657
AMD,502,21.2429
AMD,503,21.0892
AMD,504,20.3958
MSFT,0,220.0000
MSFT,1,222.1129
MSFT,2,222.2766
MSFT,3,224.4252
MSFT,4,226.0409
MSFT,5,226.3468
MSFT,6,229.8436
MSFT,7,226.9742
MSFT,8,225.9871
MSFT,9,228.4808
MSFT,10,226.3739
MSFT,11,222.8355
MSFT,12,224.1027
MSFT,13,222.7738
MSFT,14,225.3222
MSFT,15,221.7588
MSFT,16,222.2208
MSFT,17,219.7729
MSFT,18,217.1318
MSFT,19,219.2074
MSFT,20,219.7572
MSFT,21,218.2331
MSFT,22,219.2840
MSFT,23,216.9333
MSFT,24,224.3348
MSFT,25,220.7513
MSFT,26,215.6326
MSFT,27,215.3338
MSFT,28,221.8561
MSFT,29,219.8950
MSFT,30,221.2782
MSFT,31,223.4204
MSFT,32,219.6782
MSFT,33,216.9603
MSFT,34,217.8121
MSFT,35,211.2730
MSFT,36,212.6830
MSFT,37,214.3398
MSFT,38,214.4319
MSFT,39,208.9070
MSFT,40,201.9659
MSFT,41,196.1420
MSFT,42,201.7216
MSFT,43,204.2922
MSFT,44,202.7942
MSFT,45,204.7962
MSFT,46,203.3266
MSFT,47,204.0546
MSFT,48,203.6937
MSFT,49,202.5287
MSFT,50,202.9285
MSFT,51,207.8828
MSFT,52,209.4113
MSFT,53,215.6070
MSFT,54,219.2094
MSFT,55,219.8085
MSFT,56,221.9058
MSFT,57,223.6686
MSFT,58,228.4540
MSFT,59,226.7540
MSFT,60,230.1273
MSFT,61,232.8121
MSFT,62,231.1919
MSFT,63,235.3817
MSFT,64,239.3996
MSFT,65,236.3265
MSFT,66,229.6786
MSFT,67,233.1612
MSFT,68,236.4236
MSFT,69,226.9961
MSFT,70,229.4586
MSFT,71,227.6845
MSFT,72,227.0443
MSFT,73,228.1944
MSFT,74,226.5375
MSFT,75,227.7766
MSFT,76,233.0342
MSFT,77,236.1089
MSFT,78,228.1280
MSFT,79,231.1758
MSFT,80,235.4475
MSFT,81,237.2583
MSFT,82,233.4251
MSFT,83,232.2973
MSFT,84,230.4454
MSFT,85,229.7324
MSFT,86,226.2796
MSFT,87,229.9157
MSFT,88,236.9193
MSFT,89,237.6516
MSFT,90,232.9146
MSFT,91,229.1909
MSFT,92,231.0541
MSFT,93,232.8962
MSFT,94,229.3203
MSFT,95,231.5797
MSFT,96,228.9368
MSFT,97,232.2913
MSFT,98,232.9718
MSFT,99,231.3325
MSFT,100,226.7860
MSFT,101,231.1513
MSFT,102,228.8101
MSFT,103,223.7606
MSFT,104,222.1850
MSFT,105,221.9770
MSFT,106,226.2492
MSFT,107,226.7713
MSFT,108,230.8923
MSFT,109,236.1845
MSFT,110,235.5244
MSFT,111,229.1537
MSFT,112,224.4201
MSFT,113,224.2822
MSFT,114,227.3350
MSFT,115,228.2359
MSFT,116,231.4845
MSFT,117,223.1794
MSFT,118,223.6272
MSFT,119,223.5777
MSFT,120,218.4550
MSFT,121,213.2542
MSFT,122,211.5804
MSFT,123,213.4570
MSFT,124,211.2389
MSFT,125,216.5747
MSFT,126,213.9800
MSFT,127,214.1503
MSFT,128,217.1104
MSFT,129,219.7407
MSFT,130,217.2028
MSFT,131,221.7459
MSFT,132,219.0471
MSFT,133,215.9828
MSFT,134,216.2464
MSFT,135,219.5262
MSFT,136,219.4832
MSFT,137,219.5264
MSFT,138,211.1696
MSFT,139,213.3685
MSFT,140,210.5207
MSFT,141,219.2268
MSFT,142,225.2361
MSFT,143,228.2072
MSFT,144,221.6786
MSFT,145,217.2766
MSFT,146,219.2572
MSFT,147,218.9388
MSFT,148,213.1503
MSFT,149,204.9117
MSFT,150,203.3207
MSFT,151,203.9347
MSFT,152,203.0310
MSFT,153,206.3075
MSFT,154,207.4831
MSFT,155,207.8636
MSFT,156,211.0739
MSFT,157,210.9520
MSFT,158,213.5169
MSFT,159,208.1442
MSFT,160,206.3221
MSFT,161,207.4977
MSFT,162,208.8814
MSFT,163,207.3717
MSFT,164,205.8349
MSFT,165,203.7087
MSFT,166,210.8119
MSFT,167,212.9669
MSFT,168,212.5332
MSFT,169,211.4360
MSFT,170,208.8402
MSFT,171,210.8500
MSFT,172,206.3023
MSFT,173,204.3499
MSFT,174,204.2266
MSFT,175,201.0040
MSFT,176,198.7042
MSFT,177,199.5977
MSFT,178,197.8718
MSFT,179,200.4129
MSFT,180,201.8448
MSFT,181,203.3861
MSFT,182,201.2908
MSFT,183,201.5807
MSFT,184,207.0865
MSFT,185,202.0342
MSFT,186,202.3434
MSFT,187,205.4456
MSFT,188,203.4046
MSFT,189,199.7613
MSFT,190,200.3522
MSFT,191,198.0625
MSFT,192,201.2915
MSFT,193,203.2937
MSFT,194,194.8813
MSFT,195,198.1720
MSFT,196,194.6822
MSFT,197,194.1652
MSFT,198,192.9749
MSFT,199,197.7089
MSFT,200,199.9345
MSFT,201,198.0505
MSFT,202,201.5342
MSFT,203,194.7439
MSFT,204,193.0503
MSFT,205,193.2730
MSFT,206,189.0724
MSFT,207,190.8737
MSFT,208,196.3861
MSFT,209,197.5326
MSFT,210,197.6109
MSFT,211,201.6521
MSFT,212,201.9086
MSFT,213,199.9712
MSFT,214,203.5082
MSFT,215,200.7371
MSFT,216,200.0217
MSFT,217,193.9297
MSFT,218,195.0674
MSFT,219,186.9208
MSFT,220,188.5750
MSFT,221,186.8714
MSFT,222,186.4550
MSFT,223,189.2678
MSFT,224,192.7711
MSFT,225,192.7523
MSFT,226,189.7535
MSFT,227,187.9548
MSFT,228,184.3453
MSFT,229,183.9998
MSFT,230,185.4193
MSFT,231,185.7235
MSFT,232,188.3924
MSFT,233,183.6177
MSFT,234,186.6501
MSFT,235,186.5331
MSFT,236,183.5480
MSFT,237,190.5208
MSFT,238,192.5005
MSFT,239,193.6608
MSFT,240,193.1852
MSFT,241,189.0594
MSFT,242,193.8000
MSFT,243,196.8172
MSFT,244,203.0011
MSFT,245,202.1288
MSFT,246,203.0301
MSFT,247,205.7828
MSFT,248,208.1834
MSFT,249,207.5853
MSFT,250,207.1000
MSFT,251,208.8591
MSFT,252,209.2950
MSFT,253,206.1101
MSFT,254,201.4786
MSFT,255,204.1141
MSFT,256,207.9114
MSFT,257,206.4137
MSFT,258,210.2729
MSFT,259,207.9506
MSFT,260,203.0608
MSFT,261,200.4999
MSFT,262,200.0006
MSFT,263,197.4130
MSFT,264,195.9590
MSFT,265,189.7046
MSFT,266,186.0365
MSFT,267,190.3265
MSFT,268,191.4650
MSFT,269,191.5754
MSFT,270,197.2022
MSFT,271,200.2612
MSFT,272,197.3011
MSFT,273,198.3340
MSFT,274,194.9617
MSFT,275,191.8576
MSFT,276,192.8098
MSFT,277,194.4562
MSFT,278,198.0146
MSFT,279,198.1026
MSFT,280,199.1648
MSFT,281,194.4593
MSFT,282,193.2913
MSFT,283,187.6407
MSFT,284,182.1082
MSFT,285,182.6012
MSFT,286,181.8550
MSFT,287,181.8828
MSFT,288,184.0763
MSFT,289,184.1245
MSFT,290,180.7809
MSFT,291,181.9341
MSFT,292,180.0643
MSFT,293,180.9775
MSFT,294,176.7546
MSFT,295,172.4120
MSFT,296,169.1560
MSFT,297,164.8424
MSFT,298,161.7269
MSFT,299,159.6276
MSFT,300,155.9702
MSFT,301,155.6118
MSFT,302,156.5194
MSFT,303,157.3417
MSFT,304,154.2481
MSFT,305,154.7594
MSFT,306,154.0247
MSFT,307,157.0214
MSFT,308,155.4861
MSFT,309,154.0658
MSFT,310,154.2992
MSFT,311,157.5349
MSFT,312,156.8784
MSFT,313,153.5489
MSFT,314,156.5194
MSFT,315,151.6244
MSFT,316,150.9587
MSFT,317,148.0522
MSFT,318,150.0669
MSFT,319,148.2361
MSFT,320,147.8374
MSFT,321,143.4126
MSFT,322,143.6827
MSFT,323,140.7464
MSFT,324,137.4806
MSFT,325,135.1608
MSFT,326,132.6151
MSFT,327,133.0408
MSFT,328,131.5195
MSFT,329,130.9222
MSFT,330,126.6381
MSFT,331,126.7748
MSFT,332,125.6442
MSFT,333,126.4576
MSFT,334,125.9146
MSFT,335,124.4126
MSFT,336,124.4090
MSFT,337,125.0579
MSFT,338,123.3267
MSFT,339,125.3851
MSFT,340,125.1614
MSFT,341,129.4949
MSFT,342,130.7647
MSFT,343,133.9763
MSFT,344,130.6026
MSFT,345,131.6642
MSFT,346,127.7897
MSFT,347,124.6488
MSFT,348,124.7749
MSFT,349,124.4706
MSFT,350,126.1874
MSFT,351,124.9543
MSFT,352,125.2917
MSFT,353,127.3175
MSFT,354,128.7537
MSFT,355,132.2033
MSFT,356,132.6439
MSFT,357,133.8442
MSFT,358,136.6593
MSFT,359,136.1602
MSFT,360,137.2890
MSFT,361,138.3614
MSFT,362,140.6031
MSFT,363,140.3296
MSFT,364,144.6590
MSFT,365,141.9762
MSFT,366,141.0925
MSFT,367,140.5508
MSFT,368,142.7646
MSFT,369,144.8904
MSFT,370,143.7030
MSFT,371,143.7554
MSFT,372,147.9949
MSFT,373,145.1755
MSFT,374,145.8675
MSFT,375,143.7524
MSFT,376,143.3948
MSFT,377,145.8798
MSFT,378,146.8949
MSFT,379,144.7380
MSFT,380,141.6814
MSFT,381,145.4192
MSFT,382,149.1061
MSFT,383,152.9156
MSFT,384,151.2033
MSFT,385,155.1095
MSFT,386,159.1386
MSFT,387,163.1130
MSFT,388,160.5841
MSFT,389,159.6811
MSFT,390,164.2066
MSFT,391,162.7581
MSFT,392,165.1077
MSFT,393,162.9417
MSFT,394,168.8084
MSFT,395,176.2978
MSFT,396,174.0603
MSFT,397,174.8033
MSFT,398,173.3019
MSFT,399,171.4019
MSFT,400,168.5338
MSFT,401,168.8392
MSFT,402,164.6421
MSFT,403,163.3510
MSFT,404,159.9303
MSFT,405,164.6553
MSFT,406,160.7127
MSFT,407,161.1569
MSFT,408,161.4898
MSFT,409,162.1850
MSFT,410,163.5082
MSFT,411,160.6329
MSFT,412,161.7977
MSFT,413,160.9592
MSFT,414,165.6476
MSFT,415,165.7118
MSFT,416,168.3629
MSFT,417,166.1810
MSFT,418,170.6092
MSFT,419,170.9336
MSFT,420,170.9840
MSFT,421,171.0778
MSFT,422,173.0365
MSFT,423,173.2659
MSFT,424,175.7181
MSFT,425,174.8526
MSFT,426,171.0367
MSFT,427,170.6898
MSFT,428,176.2042
MSFT,429,177.9247
MSFT,430,176.3706
MSFT,431,174.9485
MSFT,432,176.4780
MSFT,433,174.4483
MSFT,434,170.5362
MSFT,435,170.2899
MSFT,436,166.6793
MSFT,437,165.6640
MSFT,438,167.3852
MSFT,439,166.2256
MSFT,440,168.1544
MSFT,441,167.3081
MSFT,442,170.5657
MSFT,443,172.4842
MSFT,444,170.4392
MSFT,445,169.0479
MSFT,446,170.0610
MSFT,447,169.5815
MSFT,448,168.1440
MSFT,449,167.0720
MSFT,450,170.9809
MSFT,451,173.7405
MSFT,452,173.8152
MSFT,453,172.9487
MSFT,454,174.7308
MSFT,455,171.7738
MSFT,456,172.6625
MSFT,457,175.9476
MSFT,458,175.7880
MSFT,459,176.7291
MSFT,460,179.5363
MSFT,461,176.4761
MSFT,462,175.7984
MSFT,463,174.4926
MSFT,464,178.0314
MSFT,465,178.8860
MSFT,466,179.9915
MSFT,467,182.2018
MSFT,468,181.6218
MSFT,469,180.2170
MSFT,470,177.0115
MSFT,471,175.8444
MSFT,472,176.7382
MSFT,473,179.1390
MSFT,474,181.1134
MSFT,475,178.2825
MSFT,476,181.6438
MSFT,477,180.9591
MSFT,478,178.7968
MSFT,479,175.4601
MSFT,480,172.0268
MSFT,481,174.5864
MSFT,482,174.8404
MSFT,483,173.1021
MSFT,484,170.9121
MSFT,485,172.5820
MSFT,486,172.6770
MSFT,487,174.3449
MSFT,488,170.5216
MSFT,489,166.6627
MSFT,490,160.8970
MSFT,491,164.3050
MSFT,492,168.7089
MSFT,493,163.0518
MSFT,494,161.8790
MSFT,495,163.9842
MSFT,496,165.7141
MSFT,497,163.2456
MSFT,498,160.6144
MSFT,499,162.8663
MSFT,500,159.5353
MSFT,501,165.7196
MSFT,502,162.4306
MSFT,503,163.7342
MSFT,504,161.2283
KO,0,50.0000
KO,1,50.5348
KO,2,50.1302
KO,3,49.7893
KO,4,49.5418
KO,5,49.7173
KO,6,49.4993
KO,7,49.7302
KO,8,49.7930
KO,9,50.2020
KO,10,50.8638
KO,11,50.9964
KO,12,50.9311
KO,13,51.2125
KO,14,50.9853
KO,15,50.8531
KO,16,50.8561
KO,17,50.2923
KO,18,50.1104
KO,19,50.3149
KO,20,50.3481
KO,21,50.9451
KO,22,50.5688
KO,23,50.0267
KO,24,49.8536
KO,25,49.6571
KO,26,49.2661
KO,27,48.7071
KO,28,48.5410
KO,29,48.6966
KO,30,48.7776
KO,31,49.4195
KO,32,50.1160
KO,33,49.6011
KO,34,50.3172
KO,35,49.4624
KO,36,49.3022
KO,37,49.0497
KO,38,49.1680
KO,39,48.6955
KO,40,48.3825
KO,41,47.4906
KO,42,47.1045
KO,43,47.5980
KO,44,47.4236
KO,45,47.6740
KO,46,48.5947
KO,47,48.7174
KO,48,48.5216
KO,49,48.5533
KO,50,48.3893
KO,51,48.4419
KO,52,49.3159
KO,53,49.4284
KO,54,49.4769
KO,55,49.5331
KO,56,49.1669
KO,57,49.4962
KO,58,48.6562
KO,59,48.9728
KO,60,49.2400
KO,61,48.8118
KO,62,49.1474
KO,63,50.4334
KO,64,51.2540
KO,65,51.3760
KO,66,51.3406
KO,67,51.1237
KO,68,51.1169
KO,69,49.6344
KO,70,50.3497
KO,71,49.5829
KO,72,49.7970
KO,73,49.5293
KO,74,49.6273
KO,75,49.4896
KO,76,50.6565
KO,77,50.7695
KO,78,50.2572
KO,79,50.1839
KO,80,49.7729
KO,81,50.1272
KO,82,50.3280
KO,83,50.7558
KO,84,51.0765
KO,85,51.1736
KO,86,50.9804
KO,87,51.9306
KO,88,51.9631
KO,89,51.5335
KO,90,51.9311
KO,91,51.6742
KO,92,52.0723
KO,93,51.9989
KO,94,52.0209
KO,95,51.7994
KO,96,51.2260
KO,97,51.5656
KO,98,52.5895
KO,99,52.6925
KO,100,52.9321
KO,101,52.7626
KO,102,53.0058
KO,103,52.1534
KO,104,52.1144
KO,105,52.8251
KO,106,52.0441
KO,107,52.3203
KO,108,52.4514
KO,109,52.5284
KO,110,52.6293
KO,111,52.2127
KO,112,50.7384
KO,113,50.8821
KO,114,51.3027
KO,115,52.0729
KO,116,51.0529
KO,117,50.6315
KO,118,50.1364
KO,119,50.4813
KO,120,50.6583
KO,121,49.7764
KO,122,49.2050
KO,123,49.3615
KO,124,49.8077
KO,125,50.2375
KO,126,51.1750
KO,127,51.3807
KO,128,50.6212
KO,129,51.3485
KO,130,51.4772
KO,131,52.0730
KO,132,51.9201
KO,133,51.7889
KO,134,51.2952
KO,135,50.8334
KO,136,50.5794
KO,137,50.0161
KO,138,49.7327
KO,139,50.5972
KO,140,51.1914
KO,141,51.4899
KO,142,52.2862
KO,143,52.4221
KO,144,51.4370
KO,145,51.0860
KO,146,51.1888
KO,147,51.1699
KO,148,51.0961
KO,149,50.4693
KO,150,49.9972
KO,151,50.8175
KO,152,50.2498
KO,153,50.9487
KO,154,50.6004
KO,155,50.8279
KO,156,51.7635
KO,157,52.1638
KO,158,52.0961
KO,159,52.1514
KO,160,53.2314
KO,161,53.2797
KO,162,53.3373
KO,163,52.7665
KO,164,51.8939
KO,165,52.0140
KO,166,52.9679
KO,167,53.5011
KO,168,53.6598
KO,169,54.4193
KO,170,54.1492
KO,171,54.5650
KO,172,54.8929
KO,173,54.8150
KO,174,55.3744
KO,175,55.5254
KO,176,56.7372
KO,177,57.0325
KO,178,56.9307
KO,179,56.4715
KO,180,58.0660
KO,181,58.1749
KO,182,57.8827
KO,183,58.6296
KO,184,59.2443
KO,185,58.5657
KO,186,58.5047
KO,187,58.1088
KO,188,57.8568
KO,189,57.5571
KO,190,57.6090
KO,191,57.2781
KO,192,58.0022
KO,193,58.1546
KO,194,57.5325
KO,195,58.6432
KO,196,57.8913
KO,197,58.0854
KO,198,57.2454
KO,199,58.0245
KO,200,57.6818
KO,201,57.5057
KO,202,57.7787
KO,203,56.7482
KO,204,57.3697
KO,205,57.0325
KO,206,56.8958
KO,207,57.8464
KO,208,58.1711
KO,209,59.0733
KO,210,59.0287
KO,211,58.9759
KO,212,59.3060
KO,213,59.2395
KO,214,58.1531
KO,215,58.0468
KO,216,56.8391
KO,217,56.0227
KO,218,54.7603
KO,219,54.7859
KO,220,55.0892
KO,221,54.1678
KO,222,54.5534
KO,223,55.7017
KO,224,56.1774
KO,225,55.7590
KO,226,55.8369
KO,227,55.6193
KO,228,55.6294
KO,229,56.1269
KO,230,56.2889
KO,231,56.2471
KO,232,55.8993
KO,233,56.7211
KO,234,56.6844
KO,235,57.0300
KO,236,57.6178
KO,237,58.0164
KO,238,57.6122
KO,239,57.1749
KO,240,55.5489
KO,241,56.1582
KO,242,56.1200
KO,243,56.1718
KO,244,56.0797
KO,245,55.3541
KO,246,54.1969
KO,247,55.2792
KO,248,54.9413
KO,249,54.9286
KO,250,54.2872
KO,251,54.5050
KO,252,54.5193
KO,253,54.5497
KO,254,52.9339
KO,255,52.9337
KO,256,52.4907
KO,257,53.2458
KO,258,53.2668
KO,259,52.8437
KO,260,53.0307
KO,261,52.3477
KO,262,51.4943
KO,263,50.7960
KO,264,50.6037
KO,265,50.8478
KO,266,50.3103
KO,267,49.9568
KO,268,50.7039
KO,269,50.5801
KO,270,49.8868
KO,271,50.5897
KO,272,50.9587
KO,273,51.5468
KO,274,51.6896
KO,275,52.1266
KO,276,51.9606
KO,277,52.0942
KO,278,51.8778
KO,279,51.0914
KO,280,51.2990
KO,281,51.7029
KO,282,52.0926
KO,283,52.0534
KO,284,51.5481
KO,285,51.7223
KO,286,51.6113
KO,287,50.9270
KO,288,51.0496
KO,289,51.0452
KO,290,50.8224
KO,291,50.2196
KO,292,50.5783
KO,293,50.9037
KO,294,50.3351
KO,295,50.5545
KO,296,51.2651
KO,297,51.7858
KO,298,52.1860
KO,299,52.1155
KO,300,51.8225
KO,301,51.6080
KO,302,52.1565
KO,303,51.9739
KO,304,52.2511
KO,305,53.0529
KO,306,53.2684
KO,307,52.9494
KO,308,51.8704
KO,309,51.9217
KO,310,52.4825
KO,311,53.1774
KO,312,53.2734
KO,313,52.1639
KO,314,53.0734
KO,315,52.8923
KO,316,51.8007
KO,317,51.0854
KO,318,50.6265
KO,319,50.7895
KO,320,51.3125
KO,321,51.6481
KO,322,52.0114
KO,323,52.6714
KO,324,52.5363
KO,325,51.9402
KO,326,51.4916
KO,327,51.2511
KO,328,51.4122
KO,329,51.2241
KO,330,51.0739
KO,331,50.9650
KO,332,50.2438
KO,333,50.4981
KO,334,50.1434
KO,335,49.4907
KO,336,49.4589
KO,337,49.7248
KO,338,48.9373
KO,339,48.8187
KO,340,49.2974
KO,341,49.1909
KO,342,48.7482
KO,343,49.2417
KO,344,49.8883
KO,345,49.9205
KO,346,49.5863
KO,347,48.9914
KO,348,49.3389
KO,349,49.6143
KO,350,49.3286
KO,351,49.6430
KO,352,49.8107
KO,353,49.8275
KO,354,49.9399
KO,355,49.8644
KO,356,50.0659
KO,357,50.7634
KO,358,50.6596
KO,359,50.9921
KO,360,50.6634
KO,361,51.0125
KO,362,50.9076
KO,363,50.9098
KO,364,51.2550
KO,365,50.8433
KO,366,50.8463
KO,367,50.4196
KO,368,50.3909
KO,369,50.9979
KO,370,50.8710
KO,371,50.4867
KO,372,50.8311
KO,373,50.1611
KO,374,49.7740
KO,375,49.3389
KO,376,48.1633
KO,377,48.5499
KO,378,48.9790
KO,379,48.3110
KO,380,49.0642
KO,381,49.4124
KO,382,48.8580
KO,383,49.5091
KO,384,48.9969
KO,385,49.1832
KO,386,49.4108
KO,387,49.4390
KO,388,49.6314
KO,389,48.8670
KO,390,49.4370
KO,391,49.3434
KO,392,49.7952
KO,393,48.6670
KO,394,48.4735
KO,395,48.6629
KO,396,49.3099
KO,397,49.3150
KO,398,48.9183
KO,399,49.2281
KO,400,49.0025
KO,401,48.6786
KO,402,48.2794
KO,403,48.8141
KO,404,48.5603
KO,405,48.4878
KO,406,48.3441
KO,407,48.2759
KO,408,49.5075
KO,409,49.3773
KO,410,49.1325
KO,411,48.4119
KO,412,48.4639
KO,413,48.4679
KO,414,48.2640
KO,415,48.6692
KO,416,48.4387
KO,417,48.9308
KO,418,49.5841
KO,419,50.4638
KO,420,51.1845
KO,421,50.3064
KO,422,50.1180
KO,423,50.6556
KO,424,50.9820
KO,425,51.9645
KO,426,50.7205
KO,427,51.3870
KO,428,51.1916
KO,429,51.5236
KO,430,50.9892
KO,431,51.0816
KO,432,51.4690
KO,433,51.0071
KO,434,51.5057
KO,435,51.4399
KO,436,51.0533
KO,437,51.8545
KO,438,51.9078
KO,439,51.3424
KO,440,51.3655
KO,441,50.8812
KO,442,52.2749
KO,443,52.1007
KO,444,51.6683
KO,445,51.4690
KO,446,51.7919
KO,447,52.0667
KO,448,52.1180
KO,449,51.5940
KO,450,51.8848
KO,451,52.6291
KO,452,52.5788
KO,453,52.5765
KO,454,53.3512
KO,455,53.1277
KO,456,52.8822
KO,457,53.7082
KO,458,54.2785
KO,459,54.1135
KO,460,54.4404
KO,461,54.7624
KO,462,55.0965
KO,463,56.4712
KO,464,56.2750
KO,465,56.3016
KO,466,56.1267
KO,467,55.8916
KO,468,55.9617
KO,469,55.7159
KO,470,56.0133
KO,471,55.3562
KO,472,56.8452
KO,473,56.9245
KO,474,57.6728
KO,475,57.1819
KO,476,57.4680
KO,477,56.9492
KO,478,56.1627
KO,479,55.6684
KO,480,55.2327
KO,481,55.9822
KO,482,55.8389
KO,483,55.1114
KO,484,54.2504
KO,485,54.3223
KO,486,53.1556
KO,487,53.7721
KO,488,54.0444
KO,489,54.2967
KO,490,54.7639
KO,491,54.8327
KO,492,55.7232
KO,493,54.9084
KO,494,54.8669
KO,495,54.5946
KO,496,54.4037
KO,497,55.5043
KO,498,55.1466
KO,499,56.1543
KO,500,57.2730
KO,501,56.7564
KO,502,56.9547
KO,503,56.6921
KO,504,57.4209
JNJ,0,160.0000
JNJ,1,157.5792
JNJ,2,158.4826
JNJ,3,158.7889
JNJ,4,160.5726
JNJ,5,161.4888
JNJ,6,162.4315
JNJ,7,163.8277
JNJ,8,165.3428
JNJ,9,163.5800
JNJ,10,162.8786
JNJ,11,164.0268
JNJ,12,161.8296
JNJ,13,161.4261
JNJ,14,160.6525
JNJ,15,161.0964
JNJ,16,158.3584
JNJ,17,156.8154
JNJ,18,154.9494
JNJ,19,154.3168
JNJ,20,156.9423
JNJ,21,158.9951
JNJ,22,157.9080
JNJ,23,157.6032
JNJ,24,154.4734
JNJ,25,155.7208
JNJ,26,154.8319
JNJ,27,152.5991
JNJ,28,154.1859
JNJ,29,153.5761
JNJ,30,153.5370
JNJ,31,155.2132
JNJ,32,158.7056
JNJ,33,158.9968
JNJ,34,160.1434
JNJ,35,157.1880
JNJ,36,156.4857
JNJ,37,155.9445
JNJ,38,160.1778
JNJ,39,159.7399
JNJ,40,157.1713
JNJ,41,159.0796
JNJ,42,158.2848
JNJ,43,159.8364
JNJ,44,159.8352
JNJ,45,160.4428
JNJ,46,164.3014
JNJ,47,165.2644
JNJ,48,165.4662
JNJ,49,167.9711
JNJ,50,164.7460
JNJ,51,164.9667
JNJ,52,168.3768
JNJ,53,169.0575
JNJ,54,171.3523
JNJ,55,169.4938
JNJ,56,169.2088
JNJ,57,165.8038
JNJ,58,163.8733
JNJ,59,163.2978
JNJ,60,162.4228
JNJ,61,161.7626
JNJ,62,162.1183
JNJ,63,163.7989
JNJ,64,162.4179
JNJ,65,162.8275
JNJ,66,163.5933
JNJ,67,163.2003
JNJ,68,163.1543
JNJ,69,159.4872
JNJ,70,160.4528
JNJ,71,157.8572
JNJ,72,156.5221
JNJ,73,155.2859
JNJ,74,155.9248
JNJ,75,157.5344
JNJ,76,159.4539
JNJ,77,160.2578
JNJ,78,158.6012
JNJ,79,158.1724
JNJ,80,157.8376
JNJ,81,158.3675
JNJ,82,160.2468
JNJ,83,157.7692
JNJ,84,156.8187
JNJ,85,155.9093
JNJ,86,156.7285
JNJ,87,156.5321
JNJ,88,159.2939
JNJ,89,158.1178
JNJ,90,154.5366
JNJ,91,153.5720
JNJ,92,154.7310
JNJ,93,153.6194
JNJ,94,153.5026
JNJ,95,154.2577
JNJ,96,153.6854
JNJ,97,150.5608
JNJ,98,149.9562
JNJ,99,152.9320
JNJ,100,153.3543
JNJ,101,152.3326
JNJ,102,150.9444
JNJ,103,150.7906
JNJ,104,151.1383
JNJ,105,150.3595
JNJ,106,149.2835
JNJ,107,147.3019
JNJ,108,148.6376
JNJ,109,151.5333
JNJ,110,153.5689
JNJ,111,152.6077
JNJ,112,151.7821
JNJ,113,155.6685
JNJ,114,158.3885
JNJ,115,158.6414
JNJ,116,156.1436
JNJ,117,156.9159
JNJ,118,154.8039
JNJ,119,153.6221
JNJ,120,153.0013
JNJ,121,150.2437
JNJ,122,150.1739
JNJ,123,151.6857
JNJ,124,150.4283
JNJ,125,150.6886
JNJ,126,154.5521
JNJ,127,156.8463
JNJ,128,156.1986
JNJ,129,157.7186
JNJ,130,157.8726
JNJ,131,158.8740
JNJ,132,157.3280
JNJ,133,158.6697
JNJ,134,158.6431
JNJ,135,157.7674
JNJ,136,156.3908
JNJ,137,154.8924
JNJ,138,154.0565
JNJ,139,153.4081
JNJ,140,156.9167
JNJ,141,157.9971
JNJ,142,158.8378
JNJ,143,159.7341
JNJ,144,158.0461
JNJ,145,156.4549
JNJ,146,153.6206
JNJ,147,153.9340
JNJ,148,155.4761
JNJ,149,153.4841
JNJ,150,153.5973
JNJ,151,153.7080
JNJ,152,151.7033
JNJ,153,155.0216
JNJ,154,154.7862
JNJ,155,154.8037
JNJ,156,156.6751
JNJ,157,157.4887
JNJ,158,158.1460
JNJ,159,158.5839
JNJ,160,159.8993
JNJ,161,160.0157
JNJ,162,159.6574
JNJ,163,160.7204
JNJ,164,159.8841
JNJ,165,159.4704
JNJ,166,160.9695
JNJ,167,161.6883
JNJ,168,163.0111
JNJ,169,163.1143
JNJ,170,162.0054
JNJ,171,159.1562
JNJ,172,161.2345
JNJ,173,162.6951
JNJ,174,164.6217
JNJ,175,162.9631
JNJ,176,161.9591
JNJ,177,162.1296
JNJ,178,160.1730
JNJ,179,159.4286
JNJ,180,160.3921
JNJ,181,160.7870
JNJ,182,159.2522
JNJ,183,162.7915
JNJ,184,164.9019
JNJ,185,166.0602
JNJ,186,166.2134
JNJ,187,166.7027
JNJ,188,169.3281
JNJ,189,167.4665
JNJ,190,167.4674
JNJ,191,166.9076
JNJ,192,168.2902
JNJ,193,168.5756
JNJ,194,166.7738
JNJ,195,167.5277
JNJ,196,166.1652
JNJ,197,164.1059
JNJ,198,162.5181
JNJ,199,163.2887
JNJ,200,165.6703
JNJ,201,164.1919
JNJ,202,166.1690
JNJ,203,161.4628
JNJ,204,162.8256
JNJ,205,163.3792
JNJ,206,163.4647
JNJ,207,166.9250
JNJ,208,166.9525
JNJ,209,166.6500
JNJ,210,169.5746
JNJ,211,169.6915
JNJ,212,172.8345
JNJ,213,171.5867
JNJ,214,166.9575
JNJ,215,170.1767
JNJ,216,169.0808
JNJ,217,167.7322
JNJ,218,164.5565
JNJ,219,162.8909
JNJ,220,160.9793
JNJ,221,160.0842
JNJ,222,157.3986
JNJ,223,159.7484
JNJ,224,161.3139
JNJ,225,162.4130
JNJ,226,165.5972
JNJ,227,164.5486
JNJ,228,162.4408
JNJ,229,163.7919
JNJ,230,164.5879
JNJ,231,161.5171
JNJ,232,160.1277
JNJ,233,161.8467
JNJ,234,161.5973
JNJ,235,162.0065
JNJ,236,164.9322
JNJ,237,165.5632
JNJ,238,166.6833
JNJ,239,164.7913
JNJ,240,160.7076
JNJ,241,160.9730
JNJ,242,160.7872
JNJ,243,164.8669
JNJ,244,163.7162
JNJ,245,160.4301
JNJ,246,158.8051
JNJ,247,161.0153
JNJ,248,162.2117
JNJ,249,161.1467
JNJ,250,161.4583
JNJ,251,161.4288
JNJ,252,161.5263
JNJ,253,160.1530
JNJ,254,157.4377
JNJ,255,154.1781
JNJ,256,157.0803
JNJ,257,157.4741
JNJ,258,154.8290
JNJ,259,153.3089
JNJ,260,154.5185
JNJ,261,152.0667
JNJ,262,151.0167
JNJ,263,150.0812
JNJ,264,150.5827
JNJ,265,148.9712
JNJ,266,148.6057
JNJ,267,148.3306
JNJ,268,150.0793
JNJ,269,149.8478
JNJ,270,149.7803
JNJ,271,151.1372
JNJ,272,149.5607
JNJ,273,147.6266
JNJ,274,143.9907
JNJ,275,144.0476
JNJ,276,143.5927
JNJ,277,147.3599
JNJ,278,147.6957
JNJ,279,146.9448
JNJ,280,146.0818
JNJ,281,145.2916
JNJ,282,144.8888
JNJ,283,143.8111
JNJ,284,143.1153
JNJ,285,144.9526
JNJ,286,143.1776
JNJ,287,143.8961
JNJ,288,142.8261
JNJ,289,142.5143
JNJ,290,140.9077
JNJ,291,141.2903
JNJ,292,140.4885
JNJ,293,143.3891
JNJ,294,141.5474
JNJ,295,140.2077
JNJ,296,142.4830
JNJ,297,144.0176
JNJ,298,145.8642
JNJ,299,146.1177
JNJ,300,144.6476
JNJ,301,144.5316
JNJ,302,142.3470
JNJ,303,143.1760
JNJ,304,145.1288
JNJ,305,144.7839
JNJ,306,145.8769
JNJ,307,144.8159
JNJ,308,143.4919
JNJ,309,143.0404
JNJ,310,144.2733
JNJ,311,145.6849
JNJ,312,147.0977
JNJ,313,146.6377
JNJ,314,147.1722
JNJ,315,144.2694
JNJ,316,142.5767
JNJ,317,140.7391
JNJ,318,140.3943
JNJ,319,141.2795
JNJ,320,141.3131
JNJ,321,141.3480
JNJ,322,139.2389
JNJ,323,139.7675
JNJ,324,137.5996
JNJ,325,135.4904
JNJ,326,135.1403
JNJ,327,135.1133
JNJ,328,135.5084
JNJ,329,135.4280
JNJ,330,137.1732
JNJ,331,135.9395
JNJ,332,135.5739
JNJ,333,136.3914
JNJ,334,136.6332
JNJ,335,137.4644
JNJ,336,139.7423
JNJ,337,140.1044
JNJ,338,139.8573
JNJ,339,140.8154
JNJ,340,139.9672
JNJ,341,138.2281
JNJ,342,138.9279
JNJ,343,139.1724
JNJ,344,140.0384
JNJ,345,140.9114
JNJ,346,140.2578
JNJ,347,139.9090
JNJ,348,140.1777
JNJ,349,140.6797
JNJ,350,137.9059
JNJ,351,137.7295
JNJ,352,138.5034
JNJ,353,138.7939
JNJ,354,137.9105
JNJ,355,138.6803
JNJ,356,137.8982
JNJ,357,138.6892
JNJ,358,137.5011
JNJ,359,136.6450
JNJ,360,137.3383
JNJ,361,138.6247
JNJ,362,137.4471
JNJ,363,138.0664
JNJ,364,136.1017
JNJ,365,138.2768
JNJ,366,138.4548
JNJ,367,137.1647
JNJ,368,136.6585
JNJ,369,139.3290
JNJ,370,138.1612
JNJ,371,136.1484
JNJ,372,137.5182
JNJ,373,136.5563
JNJ,374,134.1836
JNJ,375,133.4765
JNJ,376,133.5056
JNJ,377,130.8765
JNJ,378,132.2485
JNJ,379,132.1631
JNJ,380,131.9820
JNJ,381,133.2657
JNJ,382,133.5750
JNJ,383,138.1817
JNJ,384,133.5924
JNJ,385,135.8255
JNJ,386,137.0555
JNJ,387,137.9224
JNJ,388,134.9069
JNJ,389,134.3860
JNJ,390,136.7625
JNJ,391,137.7529
JNJ,392,139.3200
JNJ,393,138.0896
JNJ,394,137.7749
JNJ,395,137.2637
JNJ,396,137.3725
JNJ,397,137.0191
JNJ,398,134.1786
JNJ,399,132.1781
JNJ,400,130.8435
JNJ,401,129.3625
JNJ,402,127.5053
JNJ,403,126.9636
JNJ,404,128.4825
JNJ,405,128.6752
JNJ,406,127.9915
JNJ,407,128.0233
JNJ,408,128.9068
JNJ,409,129.5720
JNJ,410,126.9328
JNJ,411,125.0200
JNJ,412,124.5811
JNJ,413,121.9867
JNJ,414,122.2892
JNJ,415,124.4765
JNJ,416,125.7657
JNJ,417,126.8367
JNJ,418,129.8340
JNJ,419,131.1162
JNJ,420,132.6435
JNJ,421,134.3515
JNJ,422,135.8311
JNJ,423,135.2531
JNJ,424,135.3376
JNJ,425,133.9437
JNJ,426,132.8883
JNJ,427,134.0812
JNJ,428,134.5268
JNJ,429,137.0267
JNJ,430,138.1589
JNJ,431,138.8634
JNJ,432,138.2496
JNJ,433,139.4328
JNJ,434,139.6607
JNJ,435,140.7665
JNJ,436,137.4558
JNJ,437,137.3635
JNJ,438,139.4999
JNJ,439,138.6989
JNJ,440,139.8639
JNJ,441,141.3725
JNJ,442,141.6370
JNJ,443,141.9398
JNJ,444,140.8423
JNJ,445,140.5060
JNJ,446,140.6581
JNJ,447,142.8101
JNJ,448,140.2230
JNJ,449,139.4408
JNJ,450,140.6290
JNJ,451,141.9129
JNJ,452,141.6887
JNJ,453,141.7646
JNJ,454,140.1883
JNJ,455,142.4390
JNJ,456,142.0990
JNJ,457,141.9221
JNJ,458,144.0043
JNJ,459,141.5158
JNJ,460,143.1105
JNJ,461,142.4242
JNJ,462,144.2116
JNJ,463,146.4656
JNJ,464,147.1830
JNJ,465,146.4022
JNJ,466,147.9790
JNJ,467,147.4513
JNJ,468,150.1348
JNJ,469,149.0862
JNJ,470,150.3861
JNJ,471,149.5684
JNJ,472,150.0000
JNJ,473,151.0731
JNJ,474,152.9654
JNJ,475,153.4409
JNJ,476,152.7132
JNJ,477,149.8141
JNJ,478,149.7171
JNJ,479,147.3615
JNJ,480,145.3471
JNJ,481,146.3592
JNJ,482,145.0092
JNJ,483,145.5562
JNJ,484,146.0204
JNJ,485,144.3932
JNJ,486,143.6842
JNJ,487,143.5142
JNJ,488,144.7436
JNJ,489,146.5337
JNJ,490,145.9842
JNJ,491,146.1615
JNJ,492,145.7037
JNJ,493,145.1676
JNJ,494,145.5933
JNJ,495,148.4368
JNJ,496,148.5330
JNJ,497,149.4751
JNJ,498,149.2415
JNJ,499,150.4932
JNJ,500,152.7796
JNJ,501,152.2355
JNJ,502,156.0043
JNJ,503,154.7719
JNJ,504,156.0157
SPY,0,450.0000
SPY,1,447.7329
SPY,2,449.5602
SPY,3,448.8811
SPY,4,451.5407
SPY,5,452.6580
SPY,6,460.6864
SPY,7,461.1082
SPY,8,461.1242
SPY,9,462.5735
SPY,10,463.2632
SPY,11,461.1037
SPY,12,457.0664
SPY,13,455.6514
SPY,14,456.2873
SPY,15,453.7329
SPY,16,450.2629
SPY,17,447.4341
SPY,18,443.6876
SPY,19,442.2424
SPY,20,443.5831
SPY,21,444.1576
SPY,22,442.4277
SPY,23,442.9892
SPY,24,449.9179
SPY,25,447.3724
SPY,26,446.7027
SPY,27,443.4065
SPY,28,451.6173
SPY,29,447.5446
SPY,30,447.0165
SPY,31,455.9448
SPY,32,456.6407
SPY,33,453.7244
SPY,34,457.4366
SPY,35,446.6028
SPY,36,449.8712
SPY,37,452.1255
SPY,38,458.9989
SPY,39,456.0570
SPY,40,447.4298
SPY,41,439.5460
SPY,42,441.4404
SPY,43,446.2616
SPY,44,443.1462
SPY,45,446.3228
SPY,46,449.0994
SPY,47,444.7448
SPY,48,446.2415
SPY,49,441.0065
SPY,50,439.6124
SPY,51,442.4914
SPY,52,447.6997
SPY,53,453.2748
SPY,54,459.4748
SPY,55,461.1543
SPY,56,461.7012
SPY,57,460.9392
SPY,58,462.6281
SPY,59,461.7938
SPY,60,465.1376
SPY,61,468.7705
SPY,62,470.1435
SPY,63,472.8277
SPY,64,475.1460
SPY,65,467.6571
SPY,66,461.0729
SPY,67,464.1972
SPY,68,469.0150
SPY,69,457.2674
SPY,70,463.0044
SPY,71,458.2690
SPY,72,460.7368
SPY,73,456.7235
SPY,74,458.5219
SPY,75,459.6007
SPY,76,465.7640
SPY,77,467.6411
SPY,78,462.4327
SPY,79,465.5670
SPY,80,473.8386
SPY,81,476.4417
SPY,82,475.7111
SPY,83,473.2509
SPY,84,464.6584
SPY,85,459.6615
SPY,86,456.1248
SPY,87,458.2560
SPY,88,466.1460
SPY,89,467.3678
SPY,90,459.2255
SPY,91,452.8068
SPY,92,456.2723
SPY,93,455.5753
SPY,94,449.6054
SPY,95,453.1843
SPY,96,445.0428
SPY,97,445.5850
SPY,98,444.3531
SPY,99,443.1139
SPY,100,435.4442
SPY,101,438.5193
SPY,102,438.8665
SPY,103,433.4837
SPY,104,431.2360
SPY,105,427.1918
SPY,106,430.6229
SPY,107,430.8063
SPY,108,433.5811
SPY,109,435.8108
SPY,110,437.3276
SPY,111,426.8285
SPY,112,420.2152
SPY,113,421.8654
SPY,114,425.0180
SPY,115,424.9909
SPY,116,422.4533
SPY,117,413.8986
SPY,118,411.7934
SPY,119,411.5531
SPY,120,406.2017
SPY,121,404.1299
SPY,122,403.3458
SPY,123,407.7553
SPY,124,399.6468
SPY,125,401.7938
SPY,126,406.2123
SPY,127,408.1301
SPY,128,408.4637
SPY,129,413.1220
SPY,130,409.6865
SPY,131,413.7102
SPY,132,408.8656
SPY,133,411.0428
SPY,134,412.8585
SPY,135,416.2431
SPY,136,415.2180
SPY,137,416.0301
SPY,138,408.1933
SPY,139,410.1999
SPY,140,409.4551
SPY,141,418.5303
SPY,142,427.4719
SPY,143,432.0376
SPY,144,423.8885
SPY,145,419.5188
SPY,146,415.0899
SPY,147,416.9564
SPY,148,411.8516
SPY,149,401.3965
SPY,150,397.0034
SPY,151,403.2225
SPY,152,400.8322
SPY,153,407.0089
SPY,154,407.1851
SPY,155,408.4259
SPY,156,413.8467
SPY,157,414.8485
SPY,158,411.7764
SPY,159,406.2206
SPY,160,407.8256
SPY,161,408.3721
SPY,162,408.1049
SPY,163,406.9594
SPY,164,404.1056
SPY,165,402.8785
SPY,166,411.2492
SPY,167,413.2458
SPY,168,412.8780
SPY,169,411.4256
SPY,170,408.4592
SPY,171,408.4468
SPY,172,404.8943
SPY,173,402.9698
SPY,174,406.3714
SPY,175,403.4639
SPY,176,404.2922
SPY,177,408.5583
SPY,178,407.1977
SPY,179,406.5786
SPY,180,411.4899
SPY,181,412.1853
SPY,182,407.2127
SPY,183,412.5205
SPY,184,420.4418
SPY,185,417.9100
SPY,186,420.4882
SPY,187,423.5792
SPY,188,422.1426
SPY,189,420.4464
SPY,190,421.1777
SPY,191,422.3847
SPY,192,428.4808
SPY,193,433.2860
SPY,194,419.3041
SPY,195,420.3442
SPY,196,411.0145
SPY,197,410.5607
SPY,198,407.8483
SPY,199,414.2405
SPY,200,417.9726
SPY,201,412.3953
SPY,202,413.2543
SPY,203,400.8906
SPY,204,401.8123
SPY,205,401.8366
SPY,206,396.6922
SPY,207,398.9562
SPY,208,401.0922
SPY,209,402.3921
SPY,210,401.6311
SPY,211,405.0844
SPY,212,409.1472
SPY,213,410.3013
SPY,214,410.5531
SPY,215,412.5365
SPY,216,411.9020
SPY,217,400.2147
SPY,218,401.2681
SPY,219,392.6939
SPY,220,396.8847
SPY,221,394.9025
SPY,222,391.5418
SPY,223,398.4629
SPY,224,404.7508
SPY,225,404.0108
SPY,226,404.9600
SPY,227,404.2398
SPY,228,401.5691
SPY,229,401.8402
SPY,230,406.3349
SPY,231,405.7520
SPY,232,410.5050
SPY,233,408.8243
SPY,234,409.7343
SPY,235,410.8102
SPY,236,410.0165
SPY,237,418.2899
SPY,238,422.6360
SPY,239,419.7203
SPY,240,417.7828
SPY,241,416.1763
SPY,242,424.0571
SPY,243,427.9923
SPY,244,434.6951
SPY,245,429.2845
SPY,246,427.6245
SPY,247,435.8553
SPY,248,434.8267
SPY,249,432.2667
SPY,250,427.8247
SPY,251,428.9776
SPY,252,427.1260
SPY,253,428.0676
SPY,254,420.1502
SPY,255,420.8087
SPY,256,422.9249
SPY,257,425.6846
SPY,258,424.9282
SPY,259,422.5608
SPY,260,418.2906
SPY,261,412.7904
SPY,262,408.6417
SPY,263,408.3685
SPY,264,403.0806
SPY,265,397.4933
SPY,266,392.8990
SPY,267,397.3778
SPY,268,401.7629
SPY,269,401.2452
SPY,270,400.9894
SPY,271,407.5335
SPY,272,401.1399
SPY,273,403.5621
SPY,274,401.1104
SPY,275,396.5979
SPY,276,393.3962
SPY,277,394.4019
SPY,278,396.7641
SPY,279,396.3747
SPY,280,395.2434
SPY,281,391.6029
SPY,282,387.6538
SPY,283,386.3900
SPY,284,375.7425
SPY,285,378.0376
SPY,286,375.1298
SPY,287,371.1548
SPY,288,370.7585
SPY,289,368.1596
SPY,290,365.1431
SPY,291,363.8608
SPY,292,361.1986
SPY,293,366.6529
SPY,294,359.5377
SPY,295,360.3195
SPY,296,360.6547
SPY,297,358.2125
SPY,298,351.6360
SPY,299,350.7731
SPY,300,344.4005
SPY,301,340.8119
SPY,302,338.2195
SPY,303,340.8190
SPY,304,342.0126
SPY,305,341.8285
SPY,306,343.3555
SPY,307,344.4199
SPY,308,340.4165
SPY,309,340.3448
SPY,310,339.8198
SPY,311,343.9102
SPY,312,343.4166
SPY,313,341.9102
SPY,314,346.3931
SPY,315,340.4184
SPY,316,338.0379
SPY,317,334.6306
SPY,318,336.0801
SPY,319,330.5070
SPY,320,329.0147
SPY,321,323.9969
SPY,322,321.9008
SPY,323,318.7722
SPY,324,311.3163
SPY,325,310.3969
SPY,326,306.8745
SPY,327,306.6017
SPY,328,305.5788
SPY,329,307.3200
SPY,330,304.8530
SPY,331,303.8687
SPY,332,303.0713
SPY,333,304.6885
SPY,334,304.5741
SPY,335,303.0521
SPY,336,303.4636
SPY,337,302.9568
SPY,338,297.2627
SPY,339,298.3798
SPY,340,299.1860
SPY,341,300.7087
SPY,342,300.4280
SPY,343,302.4799
SPY,344,301.1810
SPY,345,301.5924
SPY,346,296.0030
SPY,347,293.9017
SPY,348,292.6212
SPY,349,293.6102
SPY,350,295.7038
SPY,351,294.2799
SPY,352,296.9904
SPY,353,299.6329
SPY,354,300.8210
SPY,355,304.8087
SPY,356,305.2565
SPY,357,307.1652
SPY,358,312.8350
SPY,359,310.5052
SPY,360,310.4976
SPY,361,313.1617
SPY,362,314.8983
SPY,363,315.1323
SPY,364,316.0995
SPY,365,314.0511
SPY,366,311.3843
SPY,367,309.5670
SPY,368,311.5388
SPY,369,318.0455
SPY,370,313.4103
SPY,371,312.3141
SPY,372,314.4443
SPY,373,310.6056
SPY,374,309.7493
SPY,375,309.9353
SPY,376,305.4967
SPY,377,305.3079
SPY,378,306.8192
SPY,379,304.0436
SPY,380,299.4447
SPY,381,304.4245
SPY,382,309.1865
SPY,383,314.3293
SPY,384,309.3166
SPY,385,313.3742
SPY,386,317.9788
SPY,387,322.2716
SPY,388,323.4083
SPY,389,322.3034
SPY,390,327.3306
SPY,391,327.1917
SPY,392,330.3207
SPY,393,327.8363
SPY,394,333.2741
SPY,395,342.0259
SPY,396,336.2864
SPY,397,338.2192
SPY,398,334.5599
SPY,399,334.8389
SPY,400,331.9231
SPY,401,328.0546
SPY,402,327.2529
SPY,403,323.4457
SPY,404,321.5419
SPY,405,327.4161
SPY,406,321.8738
SPY,407,321.8967
SPY,408,322.3630
SPY,409,322.8376
SPY,410,318.4053
SPY,411,312.0921
SPY,412,311.7798
SPY,413,310.8994
SPY,414,313.9215
SPY,415,315.4807
SPY,416,321.4347
SPY,417,321.0862
SPY,418,327.6243
SPY,419,331.8360
SPY,420,330.7255
SPY,421,332.1338
SPY,422,334.3805
SPY,423,332.5646
SPY,424,336.5007
SPY,425,337.1098
SPY,426,330.5377
SPY,427,329.5754
SPY,428,335.2586
SPY,429,336.0414
SPY,430,337.5888
SPY,431,338.1278
SPY,432,343.2496
SPY,433,343.6666
SPY,434,340.6859
SPY,435,340.0572
SPY,436,333.1753
SPY,437,332.7441
SPY,438,339.2331
SPY,439,336.5784
SPY,440,339.1158
SPY,441,339.3714
SPY,442,341.5915
SPY,443,342.3294
SPY,444,337.8163
SPY,445,335.1814
SPY,446,338.1348
SPY,447,341.1107
SPY,448,339.7669
SPY,449,338.6066
SPY,450,342.2783
SPY,451,345.6785
SPY,452,346.3065
SPY,453,345.7249
SPY,454,348.0193
SPY,455,344.4309
SPY,456,341.8687
SPY,457,344.2306
SPY,458,343.4349
SPY,459,342.7346
SPY,460,347.8050
SPY,461,343.7017
SPY,462,343.9332
SPY,463,344.7901
SPY,464,348.8311
SPY,465,348.7033
SPY,466,352.9507
SPY,467,355.9054
SPY,468,354.5649
SPY,469,352.0592
SPY,470,352.7257
SPY,471,348.9413
SPY,472,356.0793
SPY,473,359.3289
SPY,474,365.1132
SPY,475,363.8332
SPY,476,368.7310
SPY,477,367.4389
SPY,478,368.2021
SPY,479,361.5934
SPY,480,358.3054
SPY,481,362.3705
SPY,482,363.1618
SPY,483,361.4994
SPY,484,357.8055
SPY,485,358.4063
SPY,486,360.2043
SPY,487,364.9678
SPY,488,362.4595
SPY,489,361.5567
SPY,490,355.3052
SPY,491,360.4797
SPY,492,367.4497
SPY,493,361.9477
SPY,494,361.1436
SPY,495,362.9633
SPY,496,365.7532
SPY,497,367.8267
SPY,498,368.4748
SPY,499,376.8847
SPY,500,375.8562
SPY,501,379.8701
SPY,502,377.1353
SPY,503,378.4284
SPY,504,376.8137
